{"cameraMode":{"drawMode":0,"name":"Shaded","section":"Shading Mode"},"sceneLighting":true,"audioPlay":false,"sceneViewState":{"m_AlwaysRefresh":false,"showFog":true,"showSkybox":true,"showFlares":true,"showImageEffects":true,"showParticleSystems":true,"showVisualEffectGraphs":true,"m_FxEnabled":true},"in2DMode":false,"pivot":{"x":-59.669288635253909,"y":61.242523193359378,"z":-7.4311981201171879},"rotation":{"x":0.049752380698919299,"y":0.948623538017273,"z":-0.24759593605995179,"w":0.19061818718910218},"size":136.84515380859376,"orthographic":false}